[
    {
        "Id": 1,
        "Cityname": "Chennai",
        "Services": "Broadband",
        "Pricelist": [12, 35, 11, 19, 55]
    },
    {
        "Id": 2,
        "Cityname": "Mumbai",
        "Services": "Land-line",
        "Pricelist": [22, 30, 16, 28, 49]
    },
    {
        "Id": 3,
        "Cityname": "Delhi",
        "Services": "Mobile",
        "Pricelist": [10, 20, 15, 18, 50]
    },
    {
        "Id": 4,
        "Cityname": "Kolkata",
        "Services": "3G",
        "Pricelist": [14, 24, 17, 20, 45]
    },
    {
        "Id": 5,
        "Cityname": "Bangalore",
        "Services": "Router",
        "Pricelist": [25, 30, 20, 22, 60]
    },
    {
        "Id": 6,
        "Cityname": "Hyderabad",
        "Services": "Broadband",
        "Pricelist": [18, 22, 19, 25, 55]
    },
    {
        "Id": 7,
        "Cityname": "Ahmedabad",
        "Services": "Land-line",
        "Pricelist": [15, 20, 18, 21, 50]
    },
    {
        "Id": 8,
        "Cityname": "Pune",
        "Services": "Mobile",
        "Pricelist": [12, 18, 14, 19, 45]
    },
    {
        "Id": 9,
        "Cityname": "Jaipur",
        "Services": "3G",
        "Pricelist": [20, 26, 16, 23, 52]
    },
    {
        "Id": 10,
        "Cityname": "Lucknow",
        "Services": "Router",
        "Pricelist": [23, 29, 21, 24, 58]
    }
]
